"","GRIDCODE","lat","lat.t","long","N","niche.mean","niche.med","niche.sd","niche.min","niche.max","niche.range","SST","Prod","Dist","bio"
"1",1,70,160,-176,1000,0.185161290504,0.193548387,0.0949125071967358,0.032258065,0.483870968,0.451612903,1,0.09,178,0.13614937
"2",2,70,160,-168,1000,0.2053225808,0.193548387,0.0992124777452735,0.032258065,0.483870968,0.451612903,2.5,-0.05,141,0.145124533
"3",3,70,160,-160,1000,0.195193548499,0.193548387,0.0980859730292027,0.032258065,0.483870968,0.451612903,2.2,-0.32,0,0.150420706
"4",4,70,160,-152,1000,0.189129032402,0.193548387,0.096100375148887,0.032258065,0.483870968,0.451612903,1.2,-0.09,0,0.194729833
"5",5,70,160,-144,1000,0.18532258081,0.161290323,0.106543869476494,0.032258065,0.64516129,0.612903225,0.7,-0.6,0,0.204674332
"6",6,70,160,-136,1000,0.186451613067,0.193548387,0.091408390642812,0.032258065,0.483870968,0.451612903,2.7,-0.07,68,0.190221399
"7",7,70,160,-128,1000,0.160806451826,0.161290323,0.0721729104172696,0.032258065,0.322580645,0.29032258,1.8,-0.12,0,0.041727204
"8",10,70,160,-104,1000,0.155967742117,0.129032258,0.0679276195912351,0.032258065,0.322580645,0.29032258,-0.5,0.16,0,0.030353043
"9",12,70,160,-88,1000,0.187354838865,0.129032258,0.164899197362809,0.032258065,0.838709677,0.806451612,1,-0.24,28,0.064822154
"10",13,70,160,-80,1000,0.172967742103,0.161290323,0.0818324941699333,0.032258065,0.387096774,0.354838709,1.7,-0.14,3,0.081547325
"11",14,70,160,-72,1000,0.181032258206,0.161290323,0.0974523687181491,0.032258065,0.64516129,0.612903225,1.8,-0.11,0,0.096657049
"12",15,70,160,-64,1000,0.19964516142,0.161290323,0.135779232467733,0.032258065,0.838709677,0.806451612,1.9,-0.1,122,0.111247724
"13",16,70,160,-56,1000,0.216225806594,0.161290323,0.14398344254107,0.032258065,0.838709677,0.806451612,3.5,-0.33,43,0.130466876
"14",17,70,160,-48,1000,0.252225806609,0.225806452,0.172605876433313,0.032258065,0.838709677,0.806451612,3.5,-0.49,0,0.140510575
"15",18,70,160,-40,1000,0.216032258196,0.161290323,0.11775968715069,0.064516129,0.64516129,0.580645161,3.2,0.11,0,0.140027387
"16",19,70,160,-32,1000,0.200548387221,0.161290323,0.125005423056615,0.032258065,0.838709677,0.806451612,3.1,-0.17,0,0.217896122
"17",20,70,160,-24,1000,0.207064516258,0.161290323,0.128487982281846,0.032258065,0.838709677,0.806451612,2.9,-0.13,0,0.25335718
"18",21,70,160,-16,1000,0.205419354959,0.193548387,0.125058178293474,0.032258065,0.838709677,0.806451612,0.6,-0.02,234,0.252382403
"19",22,70,160,-8,1000,0.22496774202,0.193548387,0.150791098560667,0.032258065,0.838709677,0.806451612,1.8,-0.21,534,0.269595434
"20",23,70,160,0,1000,0.266677419469,0.225806452,0.155719985274121,0.032258065,0.838709677,0.806451612,4.2,-0.16,589,0.24312061
"21",24,70,160,8,1000,0.249064516239,0.225806452,0.161935353171922,0.032258065,0.838709677,0.806451612,5.4,-0.06,294,0.222294793
"22",25,70,160,16,1000,0.240096774334,0.193548387,0.155703395466052,0.032258065,0.838709677,0.806451612,5.3,-0.06,71,0.158075698
"23",26,70,160,24,1000,0.263483871123,0.225806452,0.165632330133562,0.064516129,0.838709677,0.774193548,4.9,-0.15,0,0.139808923
"24",27,70,160,32,1000,0.261548387209,0.193548387,0.174741312094164,0.064516129,0.838709677,0.774193548,4.6,-0.21,4,0.132946938
"25",44,70,160,168,1000,0.202064516298,0.193548387,0.0977770163442493,0.032258065,0.451612903,0.419354838,0.1,0.64,3,0.139931224
"26",45,70,160,176,1000,0.193451613033,0.193548387,0.0899344411137444,0.032258065,0.483870968,0.451612903,0.4,-0.2,14,0.128036936
"27",46,52,142,-176,1000,0.195612903387,0.193548387,0.0976042842594229,0.032258065,0.483870968,0.451612903,6.4,0.01,30,0.20999966
"28",47,52,142,-168,1000,0.188193548539,0.161290323,0.106653646806041,0.032258065,0.838709677,0.806451612,6.2,-0.11,139,0.228749624
"29",48,52,142,-160,1000,0.198806451774,0.193548387,0.109268235238792,0.032258065,0.838709677,0.806451612,7.5,-0.36,340,0.232754865
"30",49,52,142,-152,1000,0.189290322754,0.193548387,0.092501364211775,0.032258065,0.483870968,0.451612903,7.8,-0.17,657,0.19594674
"31",50,52,142,-144,1000,0.152290322762,0.129032258,0.0930659555868489,0.032258065,0.387096774,0.354838709,9,-0.2,933,0.169575723
"32",51,52,142,-136,1000,0.176000000168,0.161290323,0.0971022671000761,0.032258065,0.548387097,0.516129032,10.4,-0.17,434,0.231911893
"33",52,52,142,-128,1000,0.173935484039,0.161290323,0.103400107869122,0.032258065,0.838709677,0.806451612,10.7,-0.01,8,0.241593573
"34",53,52,142,-120,1000,0.193709677592,0.161290323,0.121785315502555,0.032258065,0.741935484,0.709677419,10.7,-0.01,0,0.201303347
"35",59,52,142,-72,1000,0.291709677509,0.225806452,0.198572019693642,0.032258065,0.838709677,0.806451612,0.9,-0.23,0,0.109986381
"36",60,52,142,-64,1000,0.259741935603,0.225806452,0.183081234023225,0.032258065,0.838709677,0.806451612,4,-0.08,0,0.205308768
"37",61,52,142,-56,1000,0.235161290444,0.193548387,0.165469131522981,0.032258065,0.838709677,0.806451612,6.6,-0.08,14,0.236306475
"38",62,52,142,-48,1000,0.213354838845,0.161290323,0.158199596736536,0.032258065,0.838709677,0.806451612,7.1,-0.14,533,0.24418923
"39",63,52,142,-40,1000,0.205290322738,0.161290323,0.161588745118232,0.032258065,0.838709677,0.806451612,10.1,-0.04,1096,0.242403964
"40",64,52,142,-32,1000,0.16080645179,0.129032258,0.0990811542711462,0.032258065,0.419354839,0.387096774,10.9,-0.1,1497,0.238514244
"41",65,52,142,-24,1000,0.142516129191,0.129032258,0.0904903116315992,0.032258065,0.451612903,0.419354838,13,-0.14,960,0.239713919
"42",66,52,142,-16,1000,0.184129032375,0.161290323,0.120104873451065,0.032258065,0.774193548,0.741935483,13.4,-0.06,385,0.283428324
"43",67,52,142,-8,1000,0.210903225915,0.193548387,0.136312414283276,0.032258065,0.838709677,0.806451612,11.8,-0.19,8,0.325517961
"44",68,52,142,0,1000,0.240032258185,0.225806452,0.149177086703309,0.032258065,0.838709677,0.806451612,10.8,0.01,1,0.280437736
"45",69,52,142,8,1000,0.253935483985,0.225806452,0.161001439636427,0.032258065,0.838709677,0.806451612,10.6,-0.14,0,0.191532834
"46",70,52,142,16,1000,0.257580645268,0.225806452,0.168441596033263,0.032258065,0.838709677,0.806451612,9.9,-0.13,0,0.216635787
"47",86,52,142,144,1000,0.169709677593,0.129032258,0.105427925046422,0.032258065,0.419354839,0.387096774,9.6,-0.2,0,0.249225975
"48",88,52,142,160,1000,0.220709677633,0.225806452,0.115697675005633,0.032258065,0.483870968,0.451612903,7.1,-0.47,119,0.222576513
"49",89,52,142,168,1000,0.212612903415,0.225806452,0.112662955849092,0.032258065,0.483870968,0.451612903,5.8,-0.05,573,0.19196761
"50",90,52,142,176,1000,0.192645161465,0.193548387,0.0999626298892264,0.032258065,0.483870968,0.451612903,6.4,-0.29,977,0.183481749
"51",95,40,130,-144,1000,0.153451613145,0.161290323,0.0806981065591644,0.032258065,0.35483871,0.322580645,14.3,-0.16,1677,0.267364709
"52",96,40,130,-136,1000,0.141903225999,0.129032258,0.0866957435841748,0.032258065,0.35483871,0.322580645,14.3,-0.28,990,0.279060981
"53",97,40,130,-128,1000,0.158000000176,0.129032258,0.0880772237204424,0.032258065,0.419354839,0.387096774,13.4,-0.13,314,0.369912739
"54",98,40,130,-120,1000,0.173451613072,0.161290323,0.104952575607932,0.032258065,0.64516129,0.612903225,11.9,-0.14,0,0.332686398
"55",103,40,130,-80,1000,0.266516129174,0.225806452,0.175689570449581,0.032258065,0.838709677,0.806451612,12.1,0.1,0,0.309327798
"56",104,40,130,-72,1000,0.184387096938,0.161290323,0.13491754453689,0.032258065,0.838709677,0.806451612,12.3,-0.07,97,0.463362897
"57",105,40,130,-64,1000,0.174064516309,0.129032258,0.13084865721373,0.032258065,0.838709677,0.806451612,10.8,-0.2,411,0.446071715
"58",106,40,130,-56,1000,0.178032258221,0.129032258,0.145153716161736,0.032258065,0.838709677,0.806451612,12.7,-0.14,748,0.369943063
"59",107,40,130,-48,1000,0.196967742063,0.161290323,0.158809963628456,0.032258065,0.838709677,0.806451612,10.9,-0.19,851,0.284687278
"60",108,40,130,-40,1000,0.134096774404,0.096774194,0.0910244236057774,0.032258065,0.483870968,0.451612903,17.1,-0.11,1298,0.261041828
"61",109,40,130,-32,1000,0.151258064666,0.129032258,0.0964360555171927,0.032258065,0.451612903,0.419354838,17.8,-0.16,1944,0.328535902
"62",110,40,130,-24,1000,0.150064516298,0.129032258,0.0967305701448446,0.032258065,0.548387097,0.516129032,17.4,-0.14,1256,0.341549219
"63",111,40,130,-16,1000,0.155129032424,0.129032258,0.107393693495292,0.032258065,0.709677419,0.677419354,15.8,-0.18,577,0.327966395
"64",112,40,130,-8,1000,0.178935484017,0.161290323,0.11413297689538,0.032258065,0.838709677,0.806451612,15.6,-0.23,0,0.450174828
"65",113,40,130,0,1000,0.186548387236,0.161290323,0.1253382851604,0.032258065,0.774193548,0.741935483,14.7,0.16,0,0.375347002
"66",114,40,130,8,1000,0.190064516282,0.161290323,0.116796671426023,0.032258065,0.774193548,0.741935483,17,0.15,35,0.311905492
"67",115,40,130,16,1000,0.188645161439,0.161290323,0.122228923356053,0.032258065,0.774193548,0.741935483,18,-0.12,0,0.311744747
"68",116,40,130,24,1000,0.194645161424,0.161290323,0.124667214695906,0.032258065,0.774193548,0.741935483,16.4,-0.5,1,0.289945478
"69",128,40,130,120,1000,0.15735483888,0.161290323,0.0755183033840047,0.032258065,0.290322581,0.258064516,13,-0.2,3,0.212526311
"70",129,40,130,128,1000,0.148677419605,0.129032258,0.0999464929515608,0.032258065,0.387096774,0.354838709,11.8,-0.2,197,0.434284937
"71",130,40,130,136,1000,0.13996774215,0.129032258,0.0852068306741599,0.032258065,0.387096774,0.354838709,13.7,-0.2,317,0.579306501
"72",131,40,130,144,1000,0.136677419581,0.129032258,0.0851747471713675,0.032258065,0.419354839,0.387096774,12.4,-0.44,175,0.520338956
"73",132,40,130,152,1000,0.152709677695,0.161290323,0.0899127395568388,0.032258065,0.35483871,0.322580645,12.7,-0.29,850,0.363757357
"74",134,40,130,168,1000,0.156225806684,0.161290323,0.0909099180380602,0.032258065,0.35483871,0.322580645,10.8,-0.2,1890,0.286794072
"75",136,30,120,-176,1000,0.149516129234,0.129032258,0.094038058051433,0.032258065,0.35483871,0.322580645,20.4,-0.03,3098,0.297257599
"76",137,30,120,-168,1000,0.146580645355,0.129032258,0.0844947332797684,0.032258065,0.35483871,0.322580645,19.8,-0.18,2892,0.304798646
"77",138,30,120,-160,1000,0.125000000238,0.096774194,0.0838221142758933,0.032258065,0.35483871,0.322580645,20.1,-0.05,2860,0.301794413
"78",139,30,120,-152,1000,0.148032258274,0.129032258,0.0864085969787851,0.032258065,0.35483871,0.322580645,19.5,-0.13,2957,0.312407956
"79",140,30,120,-144,1000,0.138290322783,0.129032258,0.0812171327253243,0.032258065,0.35483871,0.322580645,20.2,-0.05,2244,0.288488363
"80",141,30,120,-136,1000,0.131419355019,0.129032258,0.0765825757411665,0.032258065,0.35483871,0.322580645,19.5,-0.12,1546,0.288517194
"81",142,30,120,-128,1000,0.150967742132,0.129032258,0.0847134884775639,0.032258065,0.35483871,0.322580645,17.5,-0.06,852,0.355372637
"82",143,30,120,-120,1000,0.161419355021,0.129032258,0.0922273699517926,0.032258065,0.548387097,0.516129032,15.5,-0.23,382,0.417153829
"83",144,30,120,-112,1000,0.137709677624,0.129032258,0.091094704346903,0.032258065,0.483870968,0.451612903,20.8,-0.44,0,0.375870714
"84",146,30,120,-96,1000,0.191903225988,0.161290323,0.132380903701706,0.032258065,0.838709677,0.806451612,21,0.08,0,0.39926719
"85",147,30,120,-88,1000,0.181903225981,0.161290323,0.134551620042787,0.032258065,0.838709677,0.806451612,21,-0.04,9,0.46511967
"86",148,30,120,-80,1000,0.16532258082,0.129032258,0.119411834948069,0.032258065,0.838709677,0.806451612,22.3,-0.03,129,0.517017158
"87",149,30,120,-72,1000,0.170967742106,0.129032258,0.118045967957362,0.032258065,0.741935484,0.709677419,23.2,-0.08,701,0.465806343
"88",150,30,120,-64,1000,0.158064516309,0.129032258,0.125197297126412,0.032258065,0.838709677,0.806451612,23,-0.14,1280,0.362526844
"89",151,30,120,-56,1000,0.144032258241,0.096774194,0.104584238445408,0.032258065,0.64516129,0.612903225,22.7,-0.07,1530,0.301756045
"90",152,30,120,-48,1000,0.130032258239,0.096774194,0.0853043277693137,0.032258065,0.387096774,0.354838709,22.1,-0.1,2155,0.282960403
"91",153,30,120,-40,1000,0.128419355028,0.096774194,0.0839789405347859,0.032258065,0.387096774,0.354838709,22,-0.09,2556,0.280097776
"92",154,30,120,-32,1000,0.137354838874,0.096774194,0.0986104327850823,0.032258065,0.709677419,0.677419354,21.2,-0.18,1771,0.308404549
"93",155,30,120,-24,1000,0.126935484065,0.096774194,0.0850642697875661,0.032258065,0.35483871,0.322580645,20.8,-0.1,1029,0.34828761
"94",156,30,120,-16,1000,0.155870967901,0.129032258,0.10840374804354,0.032258065,0.709677419,0.677419354,20,-0.12,385,0.48116094
"95",157,30,120,-8,1000,0.189032258216,0.161290323,0.115667799270841,0.032258065,0.709677419,0.677419354,18.9,-0.1,0,0.403900941
"96",159,30,120,8,1000,0.25883870977,0.225806452,0.139816328832201,0.032258065,0.709677419,0.677419354,20,-0.04,0,0.256312305
"97",160,30,120,16,1000,0.1588064518,0.129032258,0.119724127108025,0.032258065,0.709677419,0.677419354,20.3,-0.15,0,0.276788265
"98",161,30,120,24,1000,0.195161290457,0.193548387,0.121915785069372,0.032258065,0.709677419,0.677419354,20.6,-0.17,0,0.284115838
"99",162,30,120,32,1000,0.140096774407,0.129032258,0.0967868450530872,0.032258065,0.580645161,0.548387096,22.4,-0.05,0,0.437668065
"100",163,30,120,40,1000,0.169709677591,0.161290323,0.12040865114009,0.032258065,0.548387097,0.516129032,21,0.13,0,0.269464186
"101",164,30,120,48,1000,0.124451613163,0.096774194,0.0753852214683855,0.032258065,0.35483871,0.322580645,21,-0.21,0,0.198677555
"102",165,30,120,56,1000,0.134903226074,0.129032258,0.0801601611995783,0.032258065,0.35483871,0.322580645,21,-0.28,0,0.292694573
"103",167,30,120,72,1000,0.162290322787,0.129032258,0.0889272325642597,0.032258065,0.322580645,0.29032258,21,-0.28,0,0.000131718
"104",173,30,120,120,1000,0.126419355041,0.112903226,0.0712115482340179,0.032258065,0.387096774,0.354838709,17.6,-0.15,0,0.531357853
"105",174,30,120,128,1000,0.119064516377,0.096774194,0.0740165052407492,0.032258065,0.387096774,0.354838709,21.3,-0.08,260,0.733517745
"106",175,30,120,136,1000,0.126000000252,0.096774194,0.0830969231310012,0.032258065,0.548387097,0.516129032,21.6,-0.09,363,0.666606948
"107",176,30,120,144,1000,0.149741935673,0.129032258,0.0848255278531387,0.032258065,0.35483871,0.322580645,22.3,-0.02,656,0.486713221
"108",180,30,120,176,1000,0.172967742144,0.161290323,0.0938894085295065,0.032258065,0.35483871,0.322580645,21.3,0.02,3407,0.270348495
"109",182,21,111,-168,1000,0.146387096982,0.129032258,0.0829676614270807,0.032258065,0.35483871,0.322580645,25.5,-0.1,1326,0.333262331
"110",183,21,111,-160,1000,0.125322580851,0.096774194,0.0815444386880033,0.032258065,0.483870968,0.451612903,25.4,-0.05,458,0.396051413
"111",184,21,111,-152,1000,0.145774193752,0.129032258,0.0852408085062315,0.032258065,0.387096774,0.354838709,24.1,-0.12,351.53,0.372287706
"112",188,21,111,-120,1000,0.131387097005,0.096774194,0.0867430205108666,0.032258065,0.35483871,0.322580645,20.6,-0.11,895,0.314534451
"113",189,21,111,-112,1000,0.130709677661,0.096774194,0.089529926194246,0.032258065,0.483870968,0.451612903,21.5,0.02,278,0.409505814
"114",190,21,111,-104,1000,0.128258064745,0.129032258,0.0844661281802318,0.032258065,0.419354839,0.387096774,23.9,-0.06,0,0.339088808
"115",191,21,111,-96,1000,0.179645161452,0.161290323,0.117227978712242,0.032258065,0.838709677,0.806451612,25.9,0.05,136,0.415093546
"116",192,21,111,-88,1000,0.169419355038,0.129032258,0.119739025342717,0.032258065,0.838709677,0.806451612,27.1,-0.05,0,0.461430044
"117",193,21,111,-80,1000,0.157516129234,0.129032258,0.110117541716353,0.032258065,0.709677419,0.677419354,26.8,0,51,0.519611481
"118",194,21,111,-72,1000,0.162612903414,0.129032258,0.103314359996663,0.032258065,0.838709677,0.806451612,26.6,-0.14,151,0.478194633
"119",195,21,111,-64,1000,0.158000000198,0.129032258,0.104279132101517,0.032258065,0.838709677,0.806451612,26.4,-0.13,373,0.415490533
"120",196,21,111,-56,1000,0.135193548513,0.096774194,0.0964049431038155,0.032258065,0.580645161,0.548387096,25.9,-0.06,1071,0.323752581
"121",197,21,111,-48,1000,0.130096774389,0.096774194,0.0859725170403573,0.032258065,0.387096774,0.354838709,25.3,-0.09,1812,0.263449497
"122",198,21,111,-40,1000,0.133612903427,0.096774194,0.0882440525606106,0.032258065,0.35483871,0.322580645,24.9,-0.13,2404,0.29491504
"123",199,21,111,-32,1000,0.136483871154,0.096774194,0.0857282065008495,0.032258065,0.451612903,0.419354838,23.9,-0.14,1539,0.326255494
"124",200,21,111,-24,1000,0.123645161459,0.096774194,0.0756973656884409,0.032258065,0.35483871,0.322580645,22.6,-0.15,726,0.417572176
"125",201,21,111,-16,1000,0.165548387239,0.129032258,0.0976185408812697,0.032258065,0.548387097,0.516129032,18.9,0.08,0,0.474864318
"126",207,21,111,32,1000,0.123322580841,0.096774194,0.0874605426546189,0.032258065,0.387096774,0.354838709,27.5,0.07,0,0.263033962
"127",208,21,111,40,1000,0.134774193776,0.129032258,0.0908409447506876,0.032258065,0.580645161,0.548387096,27.5,0.07,0,0.301485951
"128",210,21,111,56,1000,0.12393548411,0.129032258,0.0722613337694163,0.032258065,0.35483871,0.322580645,27.2,-0.06,0,0.380068315
"129",211,21,111,64,1000,0.139032258276,0.129032258,0.0752058245728801,0.032258065,0.387096774,0.354838709,26.5,-0.2,432,0.36160969
"130",212,21,111,72,1000,0.139322580833,0.129032258,0.0780824965038098,0.032258065,0.451612903,0.419354838,26.3,-0.03,0,0.38618606
"131",213,21,111,80,1000,0.147193548567,0.129032258,0.0919561784559794,0.032258065,0.548387097,0.516129032,27,-0.05,0,0.32988628
"132",214,21,111,88,1000,0.146032258286,0.129032258,0.0837095530900681,0.032258065,0.387096774,0.354838709,27.4,-0.11,46,0.430425402
"133",215,21,111,96,1000,0.165064516307,0.129032258,0.100875924863132,0.032258065,0.612903226,0.580645161,27.1,-0.02,0,0.373666473
"134",216,21,111,104,1000,0.131258064683,0.129032258,0.0783421955288924,0.032258065,0.387096774,0.354838709,22.8,0,0,0.347263368
"135",217,21,111,112,1000,0.130032258318,0.129032258,0.078685803984665,0.032258065,0.387096774,0.354838709,25.5,-0.14,46,0.589437076
"136",218,21,111,120,1000,0.114290322818,0.096774194,0.0748883353596308,0.032258065,0.387096774,0.354838709,26.7,-0.02,105,0.77160941
"137",219,21,111,128,1000,0.124935484068,0.129032258,0.0749906360040718,0.032258065,0.387096774,0.354838709,26.4,-0.07,711,0.590714339
"138",221,21,111,144,1000,0.147709677582,0.129032258,0.0847636344931316,0.032258065,0.387096774,0.354838709,26.6,-0.08,1550,0.363058996
"139",224,21,111,168,1000,0.163709677637,0.161290323,0.0811577561582093,0.032258065,0.35483871,0.322580645,26.3,-0.06,3075,0.287043973
"140",227,13,103,-168,1000,0.139483871197,0.129032258,0.0856150427569923,0.032258065,0.35483871,0.322580645,26.9,-0.1,1469,0.335943029
"141",228,13,103,-160,1000,0.124645161475,0.096774194,0.0733661911060658,0.032258065,0.35483871,0.322580645,26.8,-0.05,818,0.325122303
"142",229,13,103,-152,1000,0.137161290523,0.129032258,0.0885425406768418,0.032258065,0.35483871,0.322580645,26.2,-0.1,798,0.309741597
"143",230,13,103,-144,1000,0.164322580885,0.161290323,0.0818974360224368,0.032258065,0.35483871,0.322580645,26.2,-0.2,1415,0.287706479
"144",231,13,103,-136,1000,0.156096774419,0.129032258,0.105032974694504,0.032258065,0.451612903,0.419354838,26.4,-0.23,2187,0.261565837
"145",234,13,103,-112,1000,0.143612903445,0.129032258,0.083025016032576,0.032258065,0.35483871,0.322580645,27.6,-0.09,1106,0.262327116
"146",235,13,103,-104,1000,0.135903226047,0.096774194,0.0910317470275343,0.032258065,0.35483871,0.322580645,28.3,-0.16,589,0.323753589
"147",236,13,103,-96,1000,0.140516129252,0.129032258,0.083297867775767,0.032258065,0.419354839,0.387096774,28.1,-0.14,313,0.335677885
"148",237,13,103,-88,1000,0.150225806664,0.129032258,0.0985042964568373,0.032258065,0.838709677,0.806451612,27.4,-0.16,34,0.478112378
"149",238,13,103,-80,1000,0.151129032464,0.129032258,0.100919614150403,0.032258065,0.838709677,0.806451612,27.6,-0.04,355,0.485781202
"150",239,13,103,-72,1000,0.161161290524,0.129032258,0.107021888766678,0.032258065,0.838709677,0.806451612,26.9,-0.04,55,0.450662302
"151",240,13,103,-64,1000,0.162870967933,0.129032258,0.105712676408279,0.032258065,0.64516129,0.612903225,26.9,0.2,240,0.470487039
"152",241,13,103,-56,1000,0.160096774391,0.129032258,0.104737783482991,0.032258065,0.580645161,0.548387096,27.5,-0.02,650,0.430884072
"153",242,13,103,-48,1000,0.140935484026,0.129032258,0.0848685140691092,0.032258065,0.387096774,0.354838709,26.7,-0.15,1029,0.301074114
"154",243,13,103,-40,1000,0.126709677606,0.096774194,0.081538313498644,0.032258065,0.451612903,0.419354838,26,-0.1,1500,0.295965121
"155",244,13,103,-32,1000,0.134483871146,0.096774194,0.0871190696206971,0.032258065,0.451612903,0.419354838,25.9,-0.14,1635,0.315246067
"156",245,13,103,-24,1000,0.144806451774,0.129032258,0.0984012902122137,0.032258065,0.709677419,0.677419354,26.5,-0.13,784,0.405226634
"157",246,13,103,-16,1000,0.154645161448,0.129032258,0.0934256811554967,0.032258065,0.580645161,0.548387096,23.9,-0.07,0,0.475687917
"158",253,13,103,40,1000,0.114258064731,0.096774194,0.0744005215602431,0.032258065,0.387096774,0.354838709,28.1,-0.14,0,0.353111928
"159",254,13,103,48,1000,0.13770967761,0.129032258,0.0875734209188711,0.032258065,0.387096774,0.354838709,27.7,-0.12,115,0.428173837
"160",255,13,103,56,1000,0.123580645388,0.096774194,0.0832676944323557,0.032258065,0.387096774,0.354838709,27,-0.09,470,0.423615312
"161",256,13,103,64,1000,0.148516129221,0.129032258,0.0865357100148593,0.032258065,0.419354839,0.387096774,27.8,-0.04,950,0.282697845
"162",257,13,103,72,1000,0.140161290575,0.129032258,0.0825486550521189,0.032258065,0.35483871,0.322580645,28.5,-0.14,299,0.495084455
"163",258,13,103,80,1000,0.135903226022,0.129032258,0.0850572651973934,0.032258065,0.580645161,0.548387096,28.6,-0.12,0,0.53287188
"164",259,13,103,88,1000,0.138903226034,0.129032258,0.0894430217823596,0.032258065,0.387096774,0.354838709,28.7,-0.07,749,0.436721604
"165",260,13,103,96,1000,0.123258064747,0.096774194,0.080549583228174,0.032258065,0.838709677,0.806451612,28.3,0.08,280,0.532381019
"166",261,13,103,104,1000,0.11977419378,0.096774194,0.075113878404566,0.032258065,0.387096774,0.354838709,28.8,0.15,0,0.494759556
"167",262,13,103,112,1000,0.11938709702,0.096774194,0.0766306751991321,0.032258065,0.387096774,0.354838709,27.9,-0.02,278,0.573665452
"168",263,13,103,120,1000,0.110580645427,0.096774194,0.0773424655234026,0.032258065,0.838709677,0.806451612,28.1,0.05,55,0.686432042
"169",264,13,103,128,1000,0.113903226047,0.096774194,0.074991802736505,0.032258065,0.35483871,0.322580645,28.6,-0.06,296,0.608192685
"170",265,13,103,136,1000,0.135419355062,0.129032258,0.0810255871992853,0.032258065,0.387096774,0.354838709,28.6,-0.06,1142,0.412776783
"171",266,13,103,144,1000,0.129741935684,0.129032258,0.0783240912376765,0.032258065,0.387096774,0.354838709,28.6,-0.02,1785,0.434924257
"172",268,13,103,160,1000,0.131483871167,0.129032258,0.0800779171295542,0.032258065,0.387096774,0.354838709,27.9,-0.04,2541,0.386916288
"173",269,13,103,168,1000,0.127096774393,0.129032258,0.072587551301747,0.032258065,0.35483871,0.322580645,28,-0.04,3054,0.366372237
"174",270,13,103,176,1000,0.168129032424,0.161290323,0.0923913950383533,0.032258065,0.35483871,0.322580645,27.4,-0.07,3085,0.286785692
"175",273,5,95,-160,1000,0.14200000017,0.129032258,0.080520074737737,0.032258065,0.387096774,0.354838709,27.7,-0.12,1645,0.292712033
"176",274,5,95,-152,1000,0.121516129181,0.096774194,0.074669365312594,0.032258065,0.387096774,0.354838709,27.7,0.16,1693,0.259265609
"177",275,5,95,-144,1000,0.138354838956,0.129032258,0.0836112429535148,0.032258065,0.35483871,0.322580645,27.6,0.1,1986,0.268068407
"178",278,5,95,-120,1000,0.160096774381,0.161290323,0.0823316883632816,0.032258065,0.35483871,0.322580645,27.3,0.16,2364,0.271478187
"179",281,5,95,-96,1000,0.125032258328,0.096774194,0.0792173910900454,0.032258065,0.387096774,0.354838709,27.8,-0.01,1210,0.328686372
"180",282,5,95,-88,1000,0.122741935723,0.096774194,0.0822009191495259,0.032258065,0.387096774,0.354838709,27.4,-0.11,636,0.379738061
"181",283,5,95,-80,1000,0.127806451835,0.096774194,0.0869042903015895,0.032258065,0.548387097,0.516129032,27.7,0.04,279,0.464410468
"182",286,5,95,-56,1000,0.18703225824,0.161290323,0.120591549049032,0.032258065,0.838709677,0.806451612,27.7,-0.15,0,0.388079614
"183",287,5,95,-48,1000,0.165935484077,0.161290323,0.104865166997027,0.032258065,0.580645161,0.548387096,27.6,-0.12,360,0.346041883
"184",288,5,95,-40,1000,0.140580645304,0.096774194,0.101783225304828,0.032258065,0.580645161,0.548387096,27.3,-0.15,853,0.310586397
"185",289,5,95,-32,1000,0.133806451792,0.096774194,0.0812521699948722,0.032258065,0.35483871,0.322580645,27.1,-0.07,1177,0.307555454
"186",290,5,95,-24,1000,0.131161290471,0.096774194,0.101996927327282,0.032258065,0.774193548,0.741935483,27.2,-0.09,1144,0.343732738
"187",291,5,95,-16,1000,0.148838709822,0.129032258,0.0915643956788883,0.032258065,0.548387097,0.516129032,27.2,-0.13,488,0.408742413
"188",292,5,95,-8,1000,0.165967742087,0.129032258,0.117355575514477,0.032258065,0.838709677,0.806451612,27.5,-0.05,0,0.390813389
"189",293,5,95,0,1000,0.150419355015,0.129032258,0.0924160536904033,0.032258065,0.548387097,0.516129032,26.4,-0.11,93,0.395091374
"190",294,5,95,8,1000,0.155000000169,0.129032258,0.09918727709331,0.032258065,0.709677419,0.677419354,26.4,-0.06,0,0.365616568
"191",299,5,95,48,1000,0.146774193756,0.129032258,0.0866699140090016,0.032258065,0.35483871,0.322580645,26.5,-0.09,0,0.421938076
"192",300,5,95,56,1000,0.164935484076,0.161290323,0.0946698289893905,0.032258065,0.516129032,0.483870967,27.9,-0.07,761,0.340217415
"193",301,5,95,64,1000,0.135774193731,0.129032258,0.0748964578873098,0.032258065,0.35483871,0.322580645,28.6,-0.09,1442,0.272090956
"194",302,5,95,72,1000,0.118838709922,0.096774194,0.0810085389825748,0.032258065,0.387096774,0.354838709,28.7,-0.05,683,0.507976653
"195",303,5,95,80,1000,0.121000000242,0.096774194,0.0772358828592209,0.032258065,0.387096774,0.354838709,28.4,-0.03,145,0.538786172
"196",305,5,95,96,1000,0.115225806705,0.096774194,0.0827052321967651,0.032258065,0.838709677,0.806451612,28.8,0.04,0,0.566620883
"197",306,5,95,104,1000,0.119677419593,0.096774194,0.0786584036309597,0.032258065,0.387096774,0.354838709,28.6,0.02,61,0.540856416
"198",307,5,95,112,1000,0.12445161315,0.129032258,0.0779262415656542,0.032258065,0.35483871,0.322580645,28.4,0.11,193,0.585014037
"199",308,5,95,120,1000,0.124290322806,0.096774194,0.0803452136767157,0.032258065,0.387096774,0.354838709,28.8,-0.06,40,0.62467563
"200",309,5,95,128,1000,0.112709677654,0.096774194,0.0758956200690201,0.032258065,0.387096774,0.354838709,28.8,0.04,129,0.578551559
"201",310,5,95,136,1000,0.112516129255,0.096774194,0.0733970784990549,0.032258065,0.387096774,0.354838709,28.9,-0.07,323,0.48931564
"202",311,5,95,144,1000,0.12967741955,0.129032258,0.0798393660110449,0.032258065,0.387096774,0.354838709,29,-0.1,877,0.427128222
"203",312,5,95,152,1000,0.134290322776,0.129032258,0.0792292702417358,0.032258065,0.387096774,0.354838709,28.9,-0.11,827,0.43520248
"204",313,5,95,160,1000,0.1240000002,0.129032258,0.0737920192754338,0.032258065,0.387096774,0.354838709,28.6,-0.04,1257,0.392430267
"205",314,5,95,168,1000,0.151129032455,0.129032258,0.0856317759404522,0.032258065,0.387096774,0.354838709,28.6,-0.09,1842,0.38086259
"206",315,5,95,176,1000,0.129064516353,0.129032258,0.0783472478443694,0.032258065,0.387096774,0.354838709,28.4,-0.07,2532,0.358122542
"207",316,-3,87,-176,1000,0.135322580854,0.129032258,0.0769655223862941,0.032258065,0.387096774,0.354838709,28.8,-0.06,2613,0.319585174
"208",317,-3,87,-168,1000,0.137612903428,0.129032258,0.0825061772176758,0.032258065,0.387096774,0.354838709,28.1,-0.04,1973,0.320029384
"209",318,-3,87,-160,1000,0.150290322727,0.129032258,0.0836189665399891,0.032258065,0.35483871,0.322580645,27.8,-0.09,1820,0.295153178
"210",319,-3,87,-152,1000,0.12638709693,0.129032258,0.0733645725972646,0.032258065,0.35483871,0.322580645,27.8,-0.1,2442,0.297340331
"211",320,-3,87,-144,1000,0.127032258248,0.129032258,0.077553217166861,0.032258065,0.35483871,0.322580645,26.8,0.03,1690,0.259159107
"212",321,-3,87,-136,1000,0.14225806469,0.129032258,0.0893121218447031,0.032258065,0.387096774,0.354838709,26.4,0.03,2183,0.284433956
"213",323,-3,87,-120,1000,0.155193548563,0.161290323,0.0890983153146085,0.032258065,0.35483871,0.322580645,25.1,0.37,2938,0.285762825
"214",326,-3,87,-96,1000,0.22638709688,0.161290323,0.178513634919757,0.032258065,0.838709677,0.806451612,23.3,0.12,560,0.306919507
"215",327,-3,87,-88,1000,0.12761290347,0.096774194,0.0874986035556831,0.032258065,0.516129032,0.483870967,23.5,0.11,422,0.327751918
"216",328,-3,87,-80,1000,0.134096774384,0.129032258,0.0833796528579279,0.032258065,0.387096774,0.354838709,22.8,0.23,0,0.320725843
"217",332,-3,87,-48,1000,0.205000000202,0.161290323,0.134931560280965,0.032258065,0.838709677,0.806451612,28.1,-0.16,0,0.308519031
"218",333,-3,87,-40,1000,0.178580645321,0.161290323,0.12489201862897,0.032258065,0.838709677,0.806451612,27.3,-0.09,0,0.352081846
"219",334,-3,87,-32,1000,0.170354838878,0.161290323,0.117993184885143,0.032258065,0.838709677,0.806451612,27.3,-0.02,439,0.365453819
"220",335,-3,87,-24,1000,0.122451613068,0.096774194,0.0764454877273185,0.032258065,0.35483871,0.322580645,26.5,-0.07,1278,0.310067685
"221",336,-3,87,-16,1000,0.136451613082,0.096774194,0.0888396975545003,0.032258065,0.387096774,0.354838709,26.1,-0.08,1200,0.314269039
"222",337,-3,87,-8,1000,0.159258064668,0.129032258,0.0910855106222515,0.032258065,0.451612903,0.419354838,25.4,-0.06,856,0.337971192
"223",338,-3,87,0,1000,0.178129032449,0.161290323,0.128415312733534,0.032258065,0.838709677,0.806451612,25.7,-0.02,920,0.335133222
"224",339,-3,87,8,1000,0.152935484033,0.129032258,0.0940056200842769,0.032258065,0.709677419,0.677419354,26.1,-0.09,207,0.404559842
"225",340,-3,87,16,1000,0.161064516296,0.129032258,0.0943872979650411,0.032258065,0.451612903,0.419354838,24.6,0.02,0,0.255606334
"226",343,-3,87,40,1000,0.125258064743,0.129032258,0.07786924474814,0.032258065,0.387096774,0.354838709,27,-0.09,0,0.460992661
"227",344,-3,87,48,1000,0.152516129194,0.129032258,0.100796927380818,0.032258065,0.387096774,0.354838709,27.5,-0.1,720,0.39192182
"228",345,-3,87,56,1000,0.127709677661,0.129032258,0.0804742868994568,0.032258065,0.451612903,0.419354838,28.4,-0.1,116,0.40770391
"229",346,-3,87,64,1000,0.132096774367,0.129032258,0.0793051182635698,0.032258065,0.35483871,0.322580645,28.7,-0.12,924,0.287745862
"230",347,-3,87,72,1000,0.12187096797,0.129032258,0.0788225438327413,0.032258065,0.35483871,0.322580645,28.8,-0.04,411,0.390588239
"231",349,-3,87,88,1000,0.148387096962,0.129032258,0.0821820678288645,0.032258065,0.35483871,0.322580645,29,-0.02,1204,0.295118808
"232",350,-3,87,96,1000,0.134677419589,0.129032258,0.0828157311175178,0.032258065,0.387096774,0.354838709,28.7,-0.04,400,0.483971705
"233",351,-3,87,104,1000,0.111129032518,0.096774194,0.0751023954391336,0.032258065,0.35483871,0.322580645,28.8,0.2,0,0.605473707
"234",352,-3,87,112,1000,0.110870968,0.096774194,0.0814566104930364,0.032258065,0.387096774,0.354838709,27.8,0.26,0,0.519871263
"235",353,-3,87,120,1000,0.106387097032,0.096774194,0.07280817580422,0.032258065,0.387096774,0.354838709,28.9,0.07,0,0.548722347
"236",354,-3,87,128,1000,0.111516129281,0.096774194,0.0781952185891313,0.032258065,0.387096774,0.354838709,28.5,0.11,0,0.566865756
"237",355,-3,87,136,1000,0.104741935749,0.096774194,0.0721094956899635,0.032258065,0.387096774,0.354838709,29.2,-0.09,0,0.563437429
"238",356,-3,87,144,1000,0.119032258286,0.096774194,0.0775783560093532,0.032258065,0.387096774,0.354838709,29.2,-0.11,12,0.535474185
"239",357,-3,87,152,1000,0.112419355079,0.096774194,0.0749969140185051,0.032258065,0.387096774,0.354838709,29.4,-0.09,0,0.51828179
"240",358,-3,87,160,1000,0.158322580814,0.161290323,0.0890647389407809,0.032258065,0.387096774,0.354838709,29.4,-0.07,592,0.419216239
"241",359,-3,87,168,1000,0.139419355033,0.129032258,0.0837906753113307,0.032258065,0.35483871,0.322580645,29.2,-0.11,969,0.373269074
"242",360,-3,87,176,1000,0.165516129209,0.161290323,0.0788167489889891,0.032258065,0.387096774,0.354838709,28.6,0,87.85,0.355724527
"243",361,-11,79,-176,1000,0.118354838917,0.096774194,0.0772658165976695,0.032258065,0.387096774,0.354838709,28.8,-0.05,445,0.385829528
"244",362,-11,79,-168,1000,0.130258064703,0.129032258,0.0767458351413971,0.032258065,0.387096774,0.354838709,28.7,-0.03,487,0.345447714
"245",363,-11,79,-160,1000,0.158290322771,0.161290323,0.085829674413924,0.032258065,0.387096774,0.354838709,28.8,-0.14,1263,0.321551568
"246",364,-11,79,-152,1000,0.145483871143,0.129032258,0.0864316242506371,0.032258065,0.35483871,0.322580645,28.6,-0.2,759,0.326897438
"247",365,-11,79,-144,1000,0.135129032464,0.129032258,0.0800717708060903,0.032258065,0.387096774,0.354838709,28.1,-0.17,576,0.33738401
"248",366,-11,79,-136,1000,0.132129032458,0.129032258,0.0840294381188672,0.032258065,0.387096774,0.354838709,27.8,-0.19,305,0.316226844
"249",373,-11,79,-80,1000,0.154967742146,0.129032258,0.095684088068631,0.032258065,0.387096774,0.354838709,21.3,-0.05,254,0.319857294
"250",378,-11,79,-40,1000,0.189225806647,0.161290323,0.120698815142547,0.032258065,0.838709677,0.806451612,27,-0.08,0,0.326347531
"251",379,-11,79,-32,1000,0.181096774394,0.161290323,0.113946705418594,0.032258065,0.548387097,0.516129032,25.7,-0.03,474,0.36907491
"252",380,-11,79,-24,1000,0.136451613075,0.096774194,0.0863303329644295,0.032258065,0.451612903,0.419354838,25.7,-0.1,1259,0.296920726
"253",381,-11,79,-16,1000,0.146741935682,0.129032258,0.0953788728411814,0.032258065,0.580645161,0.548387096,25.2,-0.12,2120,0.31510888
"254",382,-11,79,-8,1000,0.133322580856,0.096774194,0.0954864487016127,0.032258065,0.419354839,0.387096774,23.8,-0.14,2242,0.300492645
"255",383,-11,79,0,1000,0.174516129234,0.161290323,0.103287039000086,0.032258065,0.387096774,0.354838709,23,-0.12,1380,0.293408063
"256",384,-11,79,8,1000,0.149483871162,0.129032258,0.0937177803146932,0.032258065,0.451612903,0.419354838,23.4,-0.07,560,0.381432725
"257",385,-11,79,16,1000,0.155935484038,0.129032258,0.0944396641281641,0.032258065,0.548387097,0.516129032,24.5,-0.1,0,0.348405097
"258",388,-11,79,40,1000,0.124870967953,0.129032258,0.0804551281399424,0.032258065,0.387096774,0.354838709,27.3,-0.01,0,0.480486745
"259",389,-11,79,48,1000,0.125516129238,0.129032258,0.0882044001703467,0.032258065,0.709677419,0.677419354,27.8,-0.11,70,0.483017393
"260",390,-11,79,56,1000,0.129709677612,0.129032258,0.076800125862047,0.032258065,0.35483871,0.322580645,26.5,0,696,0.417400213
"261",391,-11,79,64,1000,0.139000000178,0.129032258,0.0804626368504134,0.032258065,0.387096774,0.354838709,27.1,-0.07,753,0.334457948
"262",392,-11,79,72,1000,0.150129032462,0.161290323,0.0831290067106813,0.032258065,0.35483871,0.322580645,27.2,0.1,531,0.348520107
"263",395,-11,79,96,1000,0.135161290547,0.129032258,0.0841354557279809,0.032258065,0.387096774,0.354838709,27.7,0.03,102,0.337360204
"264",396,-11,79,104,1000,0.115322580889,0.096774194,0.0767446067959266,0.032258065,0.387096774,0.354838709,27.8,0.12,203,0.536252807
"265",397,-11,79,112,1000,0.12961290346,0.129032258,0.0833754365303876,0.032258065,0.387096774,0.354838709,28,-0.05,335,0.589176686
"266",398,-11,79,120,1000,0.11445161315,0.096774194,0.0766992676883276,0.032258065,0.387096774,0.354838709,28.3,-0.07,126,0.623887594
"267",399,-11,79,128,1000,0.118870967998,0.096774194,0.0741869846348153,0.032258065,0.387096774,0.354838709,27.7,-0.13,238,0.59347109
"268",400,-11,79,136,1000,0.132612903464,0.129032258,0.0812430866748352,0.032258065,0.387096774,0.354838709,27.7,-0.18,21,0.535773511
"269",401,-11,79,144,1000,0.118225806689,0.096774194,0.0770588479236732,0.032258065,0.387096774,0.354838709,27,-0.09,2,0.636895136
"270",402,-11,79,152,1000,0.126193548587,0.129032258,0.0823229898888541,0.032258065,0.387096774,0.354838709,27.4,0,20,0.592142779
"271",403,-11,79,160,1000,0.104129032506,0.096774194,0.0721674331278444,0.032258065,0.387096774,0.354838709,28.6,-0.06,7,0.490355843
"272",404,-11,79,168,1000,0.116645161512,0.096774194,0.0791379316445141,0.032258065,0.387096774,0.354838709,28.6,-0.09,119,0.463051631
"273",405,-11,79,176,1000,0.128225806658,0.129032258,0.0809328395126809,0.032258065,0.387096774,0.354838709,28.6,-0.04,632,0.387035007
"274",406,-20,70,-176,1000,0.116387096993,0.096774194,0.0804161298406106,0.032258065,0.387096774,0.354838709,27.5,-0.1,94,0.395960715
"275",408,-20,70,-160,1000,0.137548387312,0.129032258,0.0809195113566418,0.032258065,0.35483871,0.322580645,27.5,-0.07,92,0.313291396
"276",409,-20,70,-152,1000,0.126580645393,0.129032258,0.0742743285095773,0.032258065,0.387096774,0.354838709,27.5,-0.13,338,0.333458723
"277",410,-20,70,-144,1000,0.141322580852,0.129032258,0.0832764505554428,0.032258065,0.387096774,0.354838709,27.3,-0.11,98.9,0.326588512
"278",411,-20,70,-136,1000,0.130677419566,0.129032258,0.0748761501173487,0.032258065,0.387096774,0.354838709,27,-0.11,135,0.282666915
"279",412,-20,70,-128,1000,0.12135483893,0.096774194,0.0853733939000345,0.032258065,0.387096774,0.354838709,26.6,0,506,0.274049913
"280",418,-20,70,-80,1000,0.15245161312,0.129032258,0.089736941618066,0.032258065,0.35483871,0.322580645,20.3,-0.08,704,0.344282
"281",419,-20,70,-72,1000,0.173354838876,0.129032258,0.0972205148982368,0.032258065,0.387096774,0.354838709,19.1,-0.01,185,0.297803754
"282",422,-20,70,-48,1000,0.188967742106,0.161290323,0.12305675097733,0.032258065,0.838709677,0.806451612,26.5,-0.04,0,0.275164259
"283",423,-20,70,-40,1000,0.175161290508,0.161290323,0.115038869594963,0.032258065,0.838709677,0.806451612,26.5,-0.13,0,0.378443163
"284",424,-20,70,-32,1000,0.151967742118,0.129032258,0.0972491974853899,0.032258065,0.580645161,0.548387096,26.1,-0.09,802,0.315884541
"285",427,-20,70,-8,1000,0.153129032451,0.129032258,0.103945947533732,0.032258065,0.580645161,0.548387096,22.9,-0.12,477,0.286743211
"286",428,-20,70,0,1000,0.15645161309,0.129032258,0.095911967171793,0.032258065,0.387096774,0.354838709,21.9,-0.08,704,0.255228111
"287",429,-20,70,8,1000,0.167225806631,0.129032258,0.096045693476689,0.032258065,0.419354839,0.387096774,20.7,-0.07,443,0.366441905
"288",430,-20,70,16,1000,0.185483871119,0.161290323,0.109663457559668,0.032258065,0.548387097,0.516129032,17.4,0.27,0,0.327277465
"289",432,-20,70,32,1000,0.128612903449,0.129032258,0.0869778224869427,0.032258065,0.387096774,0.354838709,26.2,0.06,0,0.407393285
"290",433,-20,70,40,1000,0.130129032481,0.129032258,0.0818954008762686,0.032258065,0.580645161,0.548387096,27,-0.06,386,0.492373773
"291",434,-20,70,48,1000,0.148322580841,0.129032258,0.0845460748419969,0.032258065,0.419354839,0.387096774,27.2,-0.04,0,0.465963047
"292",435,-20,70,56,1000,0.125612903452,0.129032258,0.0766657705578647,0.032258065,0.387096774,0.354838709,25.7,-0.05,155,0.439876024
"293",436,-20,70,64,1000,0.132419355037,0.129032258,0.0819153100155794,0.032258065,0.35483871,0.322580645,25.7,-0.05,54,0.354836437
"294",442,-20,70,112,1000,0.123064516364,0.096774194,0.0769641689397732,0.032258065,0.419354839,0.387096774,26.6,-0.01,316,0.520592953
"295",443,-20,70,120,1000,0.118387097022,0.096774194,0.0797185945089168,0.032258065,0.419354839,0.387096774,27.6,-0.01,22,0.543560166
"296",444,-20,70,128,1000,0.120548387363,0.129032258,0.0693394689545785,0.032258065,0.387096774,0.354838709,27.6,-0.02,0,0.308481717
"297",445,-20,70,136,1000,0.134419355055,0.129032258,0.0784940993961527,0.032258065,0.387096774,0.354838709,27.7,-0.06,0,0.268959524
"298",446,-20,70,144,1000,0.114548387329,0.096774194,0.0760562660881859,0.032258065,0.419354839,0.387096774,27.5,-0.05,0,0.579157439
"299",447,-20,70,152,1000,0.119580645401,0.096774194,0.0800319024000735,0.032258065,0.419354839,0.387096774,26.3,-0.01,163,0.615832728
"300",448,-20,70,160,1000,0.106967742171,0.096774194,0.0702225010553601,0.032258065,0.35483871,0.322580645,26.7,-0.01,120,0.508145827
"301",449,-20,70,168,1000,0.113645161531,0.096774194,0.0750780923610796,0.032258065,0.387096774,0.354838709,27.1,-0.1,132,0.505599182
"302",450,-20,70,176,1000,0.126483871188,0.096774194,0.0880131197623877,0.032258065,0.548387097,0.516129032,27.1,-0.11,230,0.426970166
"303",451,-29,61,-176,1000,0.166580645436,0.161290323,0.103081124912961,0.032258065,0.387096774,0.354838709,22.2,-0.15,1202,0.316963777
"304",455,-29,61,-144,1000,0.129870967946,0.129032258,0.0777622455627199,0.032258065,0.35483871,0.322580645,21.9,-0.14,108,0.257102205
"305",461,-29,61,-96,1000,0.155064516299,0.129032258,0.104359785548077,0.032258065,0.451612903,0.419354838,20.9,-0.01,2400,0.213380922
"306",462,-29,61,-88,1000,0.157000000177,0.129032258,0.0938469916203805,0.032258065,0.35483871,0.322580645,19.3,-0.1,1606,0.256026045
"307",463,-29,61,-80,1000,0.183387096994,0.161290323,0.104798152571276,0.032258065,0.580645161,0.548387096,19,0.02,827,0.260186451
"308",464,-29,61,-72,1000,0.175806451799,0.161290323,0.0977940385106795,0.032258065,0.419354839,0.387096774,16.2,-0.08,68,0.281014092
"309",467,-29,61,-48,1000,0.174935484068,0.161290323,0.107643407682753,0.032258065,0.838709677,0.806451612,23,-0.26,73,0.440972011
"310",468,-29,61,-40,1000,0.143870967955,0.096774194,0.0873099287081599,0.032258065,0.35483871,0.322580645,23.1,-0.12,646,0.369791521
"311",469,-29,61,-32,1000,0.181161290506,0.161290323,0.103883564179934,0.032258065,0.580645161,0.548387096,23.1,0.03,1180,0.277729674
"312",470,-29,61,-24,1000,0.172290322806,0.161290323,0.0996678420213285,0.032258065,0.35483871,0.322580645,22.7,-0.11,1890,0.262883195
"313",473,-29,61,0,1000,0.147451613093,0.096774194,0.096784735771031,0.032258065,0.35483871,0.322580645,20.1,-0.09,1508,0.283803376
"314",474,-29,61,8,1000,0.157806451813,0.129032258,0.100550265649216,0.032258065,0.419354839,0.387096774,19.3,-0.1,732,0.333377264
"315",475,-29,61,16,1000,0.159322580824,0.129032258,0.101872439863569,0.032258065,0.580645161,0.548387096,15.1,-0.18,25,0.396225285
"316",476,-29,61,24,1000,0.158645161468,0.129032258,0.0877198184675563,0.032258065,0.419354839,0.387096774,22,-0.06,0,0.288731452
"317",477,-29,61,32,1000,0.132838709905,0.129032258,0.0859371618935351,0.032258065,0.580645161,0.548387096,23.6,-0.06,0,0.572972704
"318",478,-29,61,40,1000,0.17745161304,0.161290323,0.0951185999603107,0.032258065,0.387096774,0.354838709,24,-0.05,605,0.502495751
"319",479,-29,61,48,1000,0.153806451792,0.129032258,0.0894768577464267,0.032258065,0.419354839,0.387096774,24.2,-0.02,395,0.447191633
"320",480,-29,61,56,1000,0.189774193729,0.161290323,0.095486448705042,0.032258065,0.387096774,0.354838709,23.3,0,982,0.308037613
"321",481,-29,61,64,1000,0.164225806621,0.129032258,0.0966973065782117,0.032258065,0.35483871,0.322580645,22.7,0.01,1100,0.287879353
"322",484,-29,61,88,1000,0.193193548541,0.193548387,0.0990606731624363,0.032258065,0.419354839,0.387096774,21,-0.11,2544,0.278773715
"323",485,-29,61,96,1000,0.179193548548,0.161290323,0.084475691063653,0.032258065,0.387096774,0.354838709,20.8,-0.07,1761,0.278496103
"324",486,-29,61,104,1000,0.176935484092,0.161290323,0.0875206896147886,0.032258065,0.35483871,0.322580645,20.9,-0.08,991,0.290154642
"325",487,-29,61,112,1000,0.134064516341,0.129032258,0.0862975324325178,0.032258065,0.419354839,0.387096774,22.2,0.03,160,0.595483672
"326",489,-29,61,128,1000,0.170129032429,0.161290323,0.107744253691227,0.032258065,0.387096774,0.354838709,22.5,0.06,0,0.303561308
"327",490,-29,61,136,1000,0.1435806454,0.129032258,0.100006296264894,0.032258065,0.387096774,0.354838709,22.5,-0.02,0,0.296925595
"328",492,-29,61,152,1000,0.132354838938,0.129032258,0.0889175802542777,0.032258065,0.419354839,0.387096774,23.1,-0.07,0,0.629123982
"329",493,-29,61,160,1000,0.135580645375,0.129032258,0.08549796475947,0.032258065,0.387096774,0.354838709,22.4,0.01,629,0.465687026
"330",494,-29,61,168,1000,0.138064516343,0.129032258,0.0893919759093028,0.032258065,0.419354839,0.387096774,22.2,-0.06,50,0.43443538
"331",495,-29,61,176,1000,0.169903225956,0.129032258,0.102648774448122,0.032258065,0.387096774,0.354838709,22.5,-0.03,717,0.343889061
"332",496,-38,52,-176,1000,0.169419355045,0.161290323,0.0949898245043104,0.032258065,0.387096774,0.354838709,17.6,-0.3,483,0.279715454
"333",506,-38,52,-96,1000,0.191741935625,0.193548387,0.1075794893169,0.032258065,0.35483871,0.322580645,16.7,-0.21,1910,0.188843421
"334",507,-38,52,-88,1000,0.160193548574,0.129032258,0.0964607061700214,0.032258065,0.35483871,0.322580645,16.7,-0.17,811,0.196112741
"335",508,-38,52,-80,1000,0.190806451759,0.193548387,0.113225783864139,0.032258065,0.451612903,0.419354838,16.3,-0.27,490,0.217277899
"336",509,-38,52,-72,1000,0.182516129176,0.161290323,0.103040353779772,0.032258065,0.419354839,0.387096774,13.6,0.36,0,0.203506048
"337",510,-38,52,-64,1000,0.182935484056,0.161290323,0.115867360385429,0.032258065,0.419354839,0.387096774,15.3,0,0,0.203227201
"338",511,-38,52,-56,1000,0.185935484042,0.161290323,0.117401405652727,0.032258065,0.612903226,0.580645161,13.8,-0.16,135,0.319096413
"339",512,-38,52,-48,1000,0.173193548578,0.161290323,0.105299209429733,0.032258065,0.483870968,0.451612903,18.6,-0.17,782,0.374362176
"340",513,-38,52,-40,1000,0.180451613074,0.161290323,0.111395878347908,0.032258065,0.483870968,0.451612903,17.4,-0.19,1324,0.274271051
"341",514,-38,52,-32,1000,0.170000000207,0.129032258,0.110522544811423,0.032258065,0.451612903,0.419354838,17.4,-0.01,1945,0.250492456
"342",515,-38,52,-24,1000,0.151258064686,0.129032258,0.100415209627829,0.032258065,0.35483871,0.322580645,17.1,-0.18,2605,0.22986458
"343",516,-38,52,-16,1000,0.170225806668,0.129032258,0.103842079892082,0.032258065,0.419354839,0.387096774,16.6,-0.63,3125,0.257288498
"344",517,-38,52,-8,1000,0.200225806634,0.193548387,0.118978284581663,0.032258065,0.548387097,0.516129032,16.3,-0.23,2410,0.264581685
"345",518,-38,52,0,1000,0.169354838887,0.129032258,0.10589431970776,0.032258065,0.387096774,0.354838709,15.4,-0.03,1723,0.296392069
"346",519,-38,52,8,1000,0.160516129224,0.096774194,0.112670837441844,0.032258065,0.483870968,0.451612903,15.9,0.01,1029,0.347388509
"347",520,-38,52,16,1000,0.160387096943,0.129032258,0.100544464294796,0.032258065,0.548387097,0.516129032,19,-0.12,507,0.474553783
"348",521,-38,52,24,1000,0.15448387116,0.129032258,0.0933192289407485,0.032258065,0.451612903,0.419354838,19.2,-0.15,460,0.491046983
"349",522,-38,52,32,1000,0.167225806624,0.161290323,0.0887989094898357,0.032258065,0.35483871,0.322580645,19.1,-0.11,700,0.407495071
"350",523,-38,52,40,1000,0.180967742096,0.161290323,0.100257522489865,0.032258065,0.419354839,0.387096774,18.8,-0.02,1254,0.31928788
"351",524,-38,52,48,1000,0.188870967902,0.161290323,0.102507952868329,0.032258065,0.451612903,0.419354838,17.2,0.02,1431,0.305007097
"352",525,-38,52,56,1000,0.204258064672,0.193548387,0.105363176665169,0.032258065,0.419354839,0.387096774,17.2,-0.01,1549,0.280018342
"353",526,-38,52,64,1000,0.226806451726,0.258064516,0.0964023500043582,0.032258065,0.35483871,0.322580645,16.4,-0.02,1243,0.268748745
"354",528,-38,52,80,1000,0.185967742066,0.193548387,0.103799460067574,0.032258065,0.419354839,0.387096774,15.4,-0.16,1458,0.256541512
"355",532,-38,52,112,1000,0.163645161512,0.161290323,0.098145806223152,0.032258065,0.483870968,0.451612903,16.4,-0.13,516,0.452252454
"356",533,-38,52,120,1000,0.166741935686,0.161290323,0.101304197122538,0.032258065,0.419354839,0.387096774,16.3,-0.17,380,0.361527011
"357",534,-38,52,128,1000,0.173548387298,0.161290323,0.0997037919671519,0.032258065,0.387096774,0.354838709,15.7,-0.12,620,0.320327646
"358",535,-38,52,136,1000,0.163387096969,0.161290323,0.0947278174587609,0.032258065,0.451612903,0.419354838,17,-0.04,250,0.359161315
"359",536,-38,52,144,1000,0.150451613121,0.129032258,0.098471261735788,0.032258065,0.419354839,0.387096774,15.8,-0.05,0,0.357791099
"360",537,-38,52,152,1000,0.134032258292,0.129032258,0.0918822034209822,0.032258065,0.548387097,0.516129032,19.6,-0.02,196,0.508397838
"361",538,-38,52,160,1000,0.173451613121,0.161290323,0.0992707086424203,0.032258065,0.387096774,0.354838709,17.7,-0.05,882,0.314412189
"362",539,-38,52,168,1000,0.17048387117,0.161290323,0.100038454497932,0.032258065,0.387096774,0.354838709,17.1,-0.1,510,0.364225103
"363",540,-38,52,176,1000,0.161225806631,0.129032258,0.103659985612007,0.032258065,0.548387097,0.516129032,18,-0.16,0,0.37263672
"364",541,-49,41,-176,1000,0.175516129204,0.161290323,0.100882161416381,0.032258065,0.387096774,0.354838709,10.7,0.07,601,0.195627826
"365",553,-49,41,-80,1000,0.252322580765,0.290322581,0.124212998594722,0.032258065,0.483870968,0.451612903,10.4,-0.19,320,0.179043099
"366",554,-49,41,-72,1000,0.221419355022,0.225806452,0.128569287828677,0.032258065,0.483870968,0.451612903,10.7,-0.07,0,0.203219469
"367",555,-49,41,-64,1000,0.219032258233,0.193548387,0.143929569238151,0.032258065,0.741935484,0.709677419,10.3,-0.2,210,0.214417639
"368",556,-49,41,-56,1000,0.22080645179,0.193548387,0.131704761706526,0.032258065,0.612903226,0.580645161,8.6,-0.23,251,0.225620644
"369",557,-49,41,-48,1000,0.252580645334,0.258064516,0.128113149374064,0.032258065,0.483870968,0.451612903,10.9,-0.17,727,0.201032941
"370",558,-49,41,-40,1000,0.244645161431,0.258064516,0.126722785129901,0.032258065,0.612903226,0.580645161,9.1,-0.19,522,0.207474699
"371",559,-49,41,-32,1000,0.290032258177,0.290322581,0.119147865691896,0.032258065,0.612903226,0.580645161,6.7,-0.22,617,0.19483411
"372",563,-49,41,0,1000,0.2833225808,0.290322581,0.123606040523555,0.032258065,0.612903226,0.580645161,5.4,0.02,590,0.213966157
"373",568,-49,41,40,1000,0.272225806568,0.290322581,0.124263148059469,0.032258065,0.612903226,0.580645161,5.3,-0.05,328,0.212972343
"374",569,-49,41,48,1000,0.255483871115,0.290322581,0.137881510655534,0.032258065,0.612903226,0.580645161,5.2,0.05,439,0.203188607
"375",571,-49,41,64,1000,0.228387096915,0.225806452,0.134702188299387,0.032258065,0.612903226,0.580645161,6,-0.05,339,0.196545144
"376",572,-49,41,72,1000,0.23054838723,0.225806452,0.134213327055641,0.032258065,0.612903226,0.580645161,3.9,-0.06,106,0.195341178
"377",581,-49,41,144,1000,0.181612903424,0.161290323,0.114221053827874,0.032258065,0.483870968,0.451612903,10.2,-0.19,677,0.325689684
"378",582,-49,41,152,1000,0.185064516316,0.161290323,0.109493927787648,0.032258065,0.483870968,0.451612903,11.1,-0.15,759,0.313774277
"379",583,-49,41,160,1000,0.241774193652,0.258064516,0.120870993598054,0.032258065,0.612903226,0.580645161,11.7,-0.02,445,0.258618937
"380",584,-49,41,168,1000,0.18667741951,0.161290323,0.104976193721692,0.032258065,0.451612903,0.419354838,12.1,-0.24,169,0.277502292
"381",585,-49,41,176,1000,0.189161290492,0.161290323,0.106208639241989,0.032258065,0.387096774,0.354838709,10,0.08,198,0.266286655
"382",595,-65,25,-104,1000,0.271612903289,0.322580645,0.125386846565215,0.064516129,0.483870968,0.419354839,0,0.08,729,0.141294471
"383",598,-65,25,-80,1000,0.309354838829,0.35483871,0.127456146112239,0.064516129,0.483870968,0.419354839,-0.4,0.26,552,0.154947713
"384",599,-65,25,-72,1000,0.299354838826,0.322580645,0.122546820539118,0.064516129,0.612903226,0.548387097,-0.5,0.09,242,0.192806548
"385",600,-65,25,-64,1000,0.263193548495,0.258064516,0.127447233837026,0.032258065,0.612903226,0.580645161,0.1,0.05,1,0.187276598
"386",601,-65,25,-56,1000,0.25093548404,0.258064516,0.130014020641217,0.032258065,0.612903226,0.580645161,-1.4,-0.45,93,0.166976285
"387",602,-65,25,-48,1000,0.28061290337,0.290322581,0.131163574854508,0.032258065,0.612903226,0.580645161,-1.5,0.82,399,0.152909048
"388",603,-65,25,-40,1000,0.277903225983,0.290322581,0.140029796878601,0.032258065,0.612903226,0.580645161,-0.9,0.6,545,0.148195658
"389",604,-65,25,-32,1000,0.231354838886,0.225806452,0.139319996554169,0.032258065,0.612903226,0.580645161,-0.8,0.81,690,0.140568537
"390",607,-65,25,-8,1000,0.255290322705,0.225806452,0.121552576711795,0.032258065,0.483870968,0.451612903,-0.5,0.13,504,0.138029584
"391",616,-65,25,64,1000,0.274774193691,0.258064516,0.132393795446042,0.032258065,0.483870968,0.451612903,-0.2,0.14,272,0.121559509
"392",617,-65,25,72,1000,0.253161290493,0.225806452,0.131411497860549,0.032258065,0.612903226,0.580645161,0,-0.06,258,0.120112675
"393",618,-65,25,80,1000,0.264838709837,0.258064516,0.137185876036104,0.032258065,0.612903226,0.580645161,-0.4,0.07,100,0.123635208
"394",620,-65,25,96,1000,0.298483871082,0.322580645,0.135001081016762,0.032258065,0.612903226,0.580645161,-1.5,0.17,1,0.126575353
"395",622,-65,25,112,1000,0.307806451707,0.35483871,0.126217465617256,0.032258065,0.483870968,0.451612903,-1.1,0.41,76,0.131220973
"396",623,-65,25,120,1000,0.285838709778,0.290322581,0.119500357677816,0.032258065,0.483870968,0.451612903,-0.6,0.24,75,0.129091838
"397",625,-65,25,136,1000,0.278161290457,0.290322581,0.129704049659257,0.032258065,0.483870968,0.451612903,-0.9,0.46,60,0.134372777
"398",626,-65,25,144,1000,0.256709677583,0.258064516,0.131598982703232,0.032258065,0.483870968,0.451612903,-0.9,0.24,190,0.139214115
"399",628,-65,25,160,1000,0.3253870969,0.35483871,0.129199377467029,0.032258065,0.612903226,0.580645161,-0.3,0.17,150,0.147770061
"400",629,-65,25,168,1000,0.263548387237,0.225806452,0.130601312715668,0.032258065,0.612903226,0.580645161,-0.8,0.16,285,0.143061
"401",630,-65,25,176,1000,0.262903226027,0.225806452,0.138326130895724,0.032258065,0.612903226,0.580645161,-0.3,0.12,698,0.13853032
